artist and title,decade,genre,weather,colour
The Beatles - Hey Jude,1960,pop,,
The Supremes - Stop! In the Name of Love,1960,pop,,
Elvis Presley - Can't Help Falling in Love,1960,pop,,
The Beach Boys - Good Vibrations,1960,pop,,
The Temptations - My Girl,1960,pop,,
"The Rolling Stones - Paint It, Black",1960,pop,,black
Aretha Franklin - Respect,1960,pop,,
The Four Seasons - Can't Take My Eyes Off You,1960,pop,,
The Monkees - I'm a Believer,1960,pop,,
The Supremes - Baby Love,1960,pop,,
The Beatles - Twist and Shout,1960,pop,,
The Ronettes - Be My Baby,1960,pop,,
The Doors - Light My Fire,1960,pop,,
The Shirelles - Will You Love Me Tomorrow,1960,pop,,
"Roy Orbison - Oh, Pretty Woman",1960,pop,,
The Beatles - A Hard Day's Night,1960,pop,,
The Temptations - Ain't Too Proud to Beg,1960,pop,,
The Rolling Stones - (I Can't Get No) Satisfaction,1960,pop,,
Elvis Presley - Suspicious Minds,1960,pop,,
The Supremes - You Can't Hurry Love,1960,pop,,
The Beach Boys - Surfin' U.S.A.,1960,pop,,
The Drifters - Save the Last Dance for Me,1960,pop,,
The Mamas & the Papas - California Dreamin',1960,pop,,
The Beatles - Let It Be,1960,pop,,
The Four Tops - Reach Out I'll Be There,1960,pop,,
The Supremes - Where Did Our Love Go,1960,pop,,
The Byrds - Mr. Tambourine Man,1960,pop,,
The Righteous Brothers - Unchained Melody,1960,pop,,
The Temptations - I Can't Get Next to You,1960,pop,,
The Rolling Stones - Ruby Tuesday,1960,pop,,
The Beatles - Yesterday,1960,pop,,
The Shangri-Las - Leader of the Pack,1960,pop,,
Elvis Presley - Jailhouse Rock,1960,pop,,
The Beach Boys - Wouldn't It Be Nice,1960,pop,,
The Supremes - Love Child,1960,pop,,
The Monkees - Daydream Believer,1960,pop,,
The Ronettes - Walking in the Rain,1960,pop,,
The Beatles - Twist and Shout,1960,pop,,
The Supremes - Reflections,1960,pop,,
The Temptations - Cloud Nine,1960,pop,,
The Rolling Stones - Angie,1960,pop,,
The Byrds - Turn! Turn! Turn!,1960,pop,,
The Drifters - Up on the Roof,1960,pop,,
The Miracles - The Tracks of My Tears,1960,pop,,
The Animals - House of the Rising Sun,1960,pop,sun,
The Beatles - All You Need Is Love,1960,pop,,
The Shirelles - Dedicated to the One I Love,1960,pop,,
The Temptations - Papa Was a Rollin' Stone,1960,pop,,
The Righteous Brothers - You've Lost That Lovin' Feelin',1960,pop,,
The Beach Boys - God Only Knows,1960,pop,,
The Four Seasons - Big Girls Don't Cry,1960,pop,,
The Supremes - Come See About Me,1960,pop,,
The Monkees - Pleasant Valley Sunday,1960,pop,,
The Beatles - Can't Buy Me Love,1960,pop,,
Elvis Presley - Hound Dog,1960,pop,,
The Rolling Stones - Wild Horses,1960,pop,,
The Temptations - Ball of Confusion (That's What the World Is Today),1960,pop,,
The Miracles - Shop Around,1960,pop,,
The Shangri-Las - Remember (Walkin' in the Sand),1960,pop,,
The Supremes - I Hear a Symphony,1960,pop,,
The Beatles - Help!,1960,pop,,
The Beach Boys - I Get Around,1960,pop,,
The Four Tops - I Can't Help Myself (Sugar Pie Honey Bunch),1960,pop,,
The Supremes - Someday We'll Be Together,1960,pop,,
The Monkees - Last Train to Clarksville,1960,pop,,
The Rolling Stones - Brown Sugar,1960,pop,,
The Byrds - Eight Miles High,1960,pop,,
The Temptations - Get Ready,1960,pop,,
The Troggs - Wild Thing,1960,pop,,
The Beatles - Something,1960,pop,,
The Shirelles - Mama Said,1960,pop,,
The Supremes - I'm Gonna Make You Love Me,1960,pop,,
"The Doors - Hello, I Love You",1960,pop,,
Elvis Presley - Love Me Tender,1960,pop,,
"The Beach Boys - Help Me, Rhonda",1960,pop,,
The Four Seasons - Sherry,1960,pop,,
The Monkees - I Wanna Be Free,1960,pop,,
The Rolling Stones - Jumpin' Jack Flash,1960,pop,,
The Temptations - The Way You Do the Things You Do,1960,pop,,
The Beatles - Penny Lane,1960,pop,,
The Shangri-Las - Give Him a Great Big Kiss,1960,pop,,
The Supremes - Up the Ladder to the Roof,1960,pop,,
The Righteous Brothers - (You're My) Soul and Inspiration,1960,pop,,
The Byrds - I'll Feel a Whole Lot Better,1960,pop,,
The Miracles - You've Really Got a Hold on Me,1960,pop,,
The Beach Boys - Barbara Ann,1960,pop,,
The Temptations - I Wish It Would Rain,1960,pop,rain,
The Monkees - I'm a Believer,1960,pop,,
The Rolling Stones - Sympathy for the Devil,1960,pop,,
The Beatles - Can't Buy Me Love,1960,pop,,
The Shirelles - Foolish Little Girl,1960,pop,,
The Supremes - Stoned Love,1960,pop,,
The Temptations - I'm Losing You,1960,pop,,
The Righteous Brothers - Ebb Tide,1960,pop,,
The Beach Boys - Surf City,1960,pop,,
The Four Seasons - Walk Like a Man,1960,pop,,
The Monkees - Steppin' Stone,1960,pop,,
The Rolling Stones - Gimme Shelter,1960,pop,,
The Beatles - Twist and Shout,1960,pop,,
The Supremes - The Happening,1960,pop,,
The Rolling Stones - (I Can't Get No) Satisfaction,1960,rock,,
The Beatles - Come Together,1960,rock,,
Creedence Clearwater Revival - Fortunate Son,1960,rock,,
The Doors - Break On Through (To the Other Side),1960,rock,,
Jimi Hendrix - Purple Haze,1960,rock,,purple
The Who - My Generation,1960,rock,,
Led Zeppelin - Whole Lotta Love,1960,rock,,
"The Rolling Stones - Paint It, Black",1960,rock,,black
The Beatles - Revolution,1960,rock,,
The Byrds - Mr. Tambourine Man,1960,rock,,
The Animals - House of the Rising Sun,1960,rock,sun,
Jimi Hendrix - All Along the Watchtower,1960,rock,,
The Rolling Stones - Gimme Shelter,1960,rock,,
The Doors - Light My Fire,1960,rock,,
The Kinks - You Really Got Me,1960,rock,,
Creedence Clearwater Revival - Bad Moon Rising,1960,rock,,
The Who - Baba O'Riley,1960,rock,,
The Beatles - Helter Skelter,1960,rock,,
Led Zeppelin - Dazed and Confused,1960,rock,,
The Rolling Stones - Sympathy for the Devil,1960,rock,,
The Yardbirds - For Your Love,1960,rock,,
The Doors - Riders on the Storm,1960,rock,storm,
Jimi Hendrix - Foxey Lady,1960,rock,,
The Animals - Don't Let Me Be Misunderstood,1960,rock,,
The Byrds - Turn! Turn! Turn!,1960,rock,,
The Beatles - I Want to Hold Your Hand,1960,rock,,
The Who - Pinball Wizard,1960,rock,,
The Rolling Stones - Jumpin' Jack Flash,1960,rock,,
Creedence Clearwater Revival - Proud Mary,1960,rock,,
Led Zeppelin - Ramble On,1960,rock,,
"The Doors - Hello, I Love You",1960,rock,,
Jimi Hendrix - Voodoo Child (Slight Return),1960,rock,,
The Yardbirds - Heart Full of Soul,1960,rock,,
The Beatles - While My Guitar Gently Weeps,1960,rock,,
The Rolling Stones - Angie,1960,rock,,
The Who - I Can't Explain,1960,rock,,
Creedence Clearwater Revival - Down on the Corner,1960,rock,,
The Kinks - All Day and All of the Night,1960,rock,,
The Byrds - Eight Miles High,1960,rock,,
The Doors - People Are Strange,1960,rock,,
The Beatles - Twist and Shout,1960,rock,,
Jimi Hendrix - Hey Joe,1960,rock,,
The Rolling Stones - Brown Sugar,1960,rock,,
The Yardbirds - Over Under Sideways Down,1960,rock,,
The Who - Substitute,1960,rock,,
Led Zeppelin - Communication Breakdown,1960,rock,,
The Animals - We Gotta Get Out of This Place,1960,rock,,
Creedence Clearwater Revival - Travelin' Band,1960,rock,,
The Doors - Love Me Two Times,1960,rock,,
The Rolling Stones - Street Fighting Man,1960,rock,,
The Kinks - Lola,1960,rock,,
The Byrds - So You Want to Be a Rock 'n' Roll Star,1960,rock,,
The Beatles - A Hard Day's Night,1960,rock,,
Jimi Hendrix - Crosstown Traffic,1960,rock,,
The Who - The Kids Are Alright,1960,rock,,
The Doors - Touch Me,1960,rock,,
Led Zeppelin - Good Times Bad Times,1960,rock,,
The Rolling Stones - Honky Tonk Women,1960,rock,,
Creedence Clearwater Revival - Green River,1960,rock,,green
The Yardbirds - Shapes of Things,1960,rock,,
The Byrds - Feel a Whole Lot Better,1960,rock,,
The Beatles - Lucy in the Sky with Diamonds,1960,rock,,
Jimi Hendrix - The Wind Cries Mary,1960,rock,wind,
The Doors - Love Her Madly,1960,rock,,
The Kinks - Waterloo Sunset,1960,rock,sun,
The Rolling Stones - Time Is on My Side,1960,rock,,
The Who - Magic Bus,1960,rock,,
Creedence Clearwater Revival - Up Around the Bend,1960,rock,,
Led Zeppelin - Immigrant Song,1960,rock,,
The Animals - It's My Life,1960,rock,,
The Beatles - Day Tripper,1960,rock,,
Jimi Hendrix - Red House,1960,rock,,red
The Yardbirds - I'm a Man,1960,rock,,
The Doors - Five to One,1960,rock,,
The Rolling Stones - Get Off of My Cloud,1960,rock,,
Creedence Clearwater Revival - Who'll Stop the Rain,1960,rock,rain,
The Kinks - Sunny Afternoon,1960,rock,sun,
The Byrds - Mr. Spaceman,1960,rock,,
The Beatles - Can't Buy Me Love,1960,rock,,
Jimi Hendrix - Little Wing,1960,rock,,
The Who - I Can See for Miles,1960,rock,,
The Doors - Soul Kitchen,1960,rock,,
Led Zeppelin - Black Dog,1960,rock,,black
The Rolling Stones - It's All Over Now,1960,rock,,
Creedence Clearwater Revival - Run Through the Jungle,1960,rock,,
The Yardbirds - Train Kept A-Rollin',1960,rock,,
The Beatles - Twist and Shout,1960,rock,,
Jimi Hendrix - Bold as Love,1960,rock,,
The Who - Summertime Blues,1960,rock,,blue
The Doors - Strange Days,1960,rock,,
The Rolling Stones - She's a Rainbow,1960,rock,,
Creedence Clearwater Revival - Who'll Stop the Rain,1960,rock,rain,
The Kinks - Set Me Free,1960,rock,,
The Animals - Bring It On Home to Me,1960,rock,,
The Byrds - Chestnut Mare,1960,rock,,
The Beatles - Something,1960,rock,,
Jimi Hendrix - Castles Made of Sand,1960,rock,,
The Yardbirds - Evil Hearted You,1960,rock,,
The Doors - Alabama Song (Whisky Bar),1960,rock,,
Led Zeppelin - Rock and Roll,1960,rock,,
Chubby Checker - The Twist,1960,dance,,
Martha and the Vandellas - Dancing in the Street,1960,dance,,
The Beatles - Twist and Shout,1960,dance,,
The Supremes - You Can't Hurry Love,1960,dance,,
Elvis Presley - Jailhouse Rock,1960,dance,,
The Four Seasons - Sherry,1960,dance,,
Jackie Wilson - Higher and Higher,1960,dance,,
The Contours - Do You Love Me,1960,dance,,
Sam Cooke - Twistin' the Night Away,1960,dance,,
The Isley Brothers - Shout,1960,dance,,
The Marvelettes - Please Mr. Postman,1960,dance,,
Little Eva - The Loco-Motion,1960,dance,,
The Crystals - Da Doo Ron Ron,1960,dance,,
James Brown - I Got You (I Feel Good),1960,dance,,
The Ronettes - Be My Baby,1960,dance,,
Dee Dee Sharp - Mashed Potato Time,1960,dance,,
The Temptations - Ain't Too Proud to Beg,1960,dance,,
The Miracles - Shop Around,1960,dance,,
The Shirelles - Mama Said,1960,dance,,
The Drifters - Save the Last Dance for Me,1960,dance,,
The Supremes - Baby Love,1960,dance,,
The Beatles - I Want to Hold Your Hand,1960,dance,,
Chubby Checker - Let's Twist Again,1960,dance,,
Martha and the Vandellas - Heat Wave,1960,dance,,
The Four Tops - I Can't Help Myself (Sugar Pie Honey Bunch),1960,dance,,
The Contours - First I Look at the Purse,1960,dance,,
Wilson Pickett - Land of 1000 Dances,1960,dance,,
The Temptations - My Girl,1960,dance,,
The Troggs - Wild Thing,1960,dance,,
The Ronettes - Walking in the Rain,1960,dance,rain,
Sam Cooke - Having a Party,1960,dance,,
The Isley Brothers - This Old Heart of Mine (Is Weak for You),1960,dance,,
Martha and the Vandellas - Nowhere to Run,1960,dance,,
The Crystals - He's a Rebel,1960,dance,,
The Supremes - Stop! In the Name of Love,1960,dance,,
The Beatles - Can't Buy Me Love,1960,dance,,
Mary Wells - My Guy,1960,dance,,
Little Richard - Tutti Frutti,1960,dance,,
The Miracles - You've Really Got a Hold on Me,1960,dance,,
The Shirelles - Dedicated to the One I Love,1960,dance,,
The Drifters - Up on the Roof,1960,dance,,
The Supremes - You Keep Me Hangin' On,1960,dance,,
Dee Dee Sharp - Gravy (For My Mashed Potatoes),1960,dance,,
The Four Tops - Reach Out I'll Be There,1960,dance,,
The Marvelettes - Beechwood 4-5789,1960,dance,,
The Contours - Can You Jerk Like Me,1960,dance,,
The Temptations - Get Ready,1960,dance,,
The Crystals - Then He Kissed Me,1960,dance,,
The Beatles - Twist and Shout,1960,dance,,
Martha and the Vandellas - Quicksand,1960,dance,,
The Shirelles - Foolish Little Girl,1960,dance,,
Sam Cooke - Twistin' in the Kitchen with Dinah,1960,dance,,
The Isley Brothers - Twist and Shout,1960,dance,,
Jackie Wilson - Lonely Teardrops,1960,dance,,
The Ronettes - Do I Love You?,1960,dance,,
The Supremes - Come See About Me,1960,dance,,
The Temptations - Ball of Confusion (That's What the World Is Today),1960,dance,,
The Four Seasons - Big Girls Don't Cry,1960,dance,,
The Marvelettes - Too Many Fish in the Sea,1960,dance,,
Chubby Checker - Limbo Rock,1960,dance,,
Martha and the Vandellas - Jimmy Mack,1960,dance,,
The Crystals - Uptown,1960,dance,,
"The Isley Brothers - Shout, Pts. 1 & 2",1960,dance,,
The Shirelles - Soldier Boy,1960,dance,,
The Drifters - On Broadway,1960,dance,,
The Supremes - Love Child,1960,dance,,
The Temptations - I Wish It Would Rain,1960,dance,rain,
Mary Wells - Two Lovers,1960,dance,,
The Miracles - Going to a Go-Go,1960,dance,,
The Contours - Shake Sherrie,1960,dance,,
Martha and the Vandellas - Wild One,1960,dance,,
The Ronettes - Born to Be Together,1960,dance,,
The Four Tops - Standing in the Shadows of Love,1960,dance,,
Jackie Wilson - (Your Love Keeps Lifting Me) Higher and Higher,1960,dance,,
The Isley Brothers - It's Your Thing,1960,dance,,
The Supremes - Reflections,1960,dance,,
The Temptations - Cloud Nine,1960,dance,,
The Crystals - And Then He Kissed Me,1960,dance,,
The Beatles - Twist and Shout,1960,dance,,
The Shirelles - Will You Love Me Tomorrow,1960,dance,,
Martha and the Vandellas - Dance Party,1960,dance,,
The Contours - Just a Little Misunderstanding,1960,dance,,
The Marvelettes - The Hunter Gets Captured by the Game,1960,dance,,
The Supremes - Love Is Like an Itching in My Heart,1960,dance,,
The Ronettes - Phil Spector Christmas,1960,dance,,
The Four Tops - Baby I Need Your Loving,1960,dance,,
Jackie Wilson - Night,1960,dance,,
The Drifters - Some Kind of Wonderful,1960,dance,,
The Temptations - I Can't Get Next to You,1960,dance,,
The Miracles - Mickey's Monkey,1960,dance,,
The Crystals - I Wonder,1960,dance,,
The Supremes - Back in My Arms Again,1960,dance,,
The Beatles - All My Loving,1960,dance,,
The Ronettes - I Can Hear Music,1960,dance,,
Martha and the Vandellas - Forget Me Not,1960,dance,,
The Contours - The Stretch,1960,dance,,
The Isley Brothers - Behind a Painted Smile,1960,dance,,
The Four Tops - It's the Same Old Song,1960,dance,,
Mary Wells - The One Who Really Loves You,1960,dance,,
Little Eva - Keep Your Hands Off My Baby,1960,dance,,
Ray Charles - What'd I Say,1960,rnb,,
Sam Cooke - A Change Is Gonna Come,1960,rnb,,
Aretha Franklin - Respect,1960,rnb,,
Otis Redding - Sittin' On The Dock of the Bay,1960,rnb,,red
Marvin Gaye - I Heard It Through the Grapevine,1960,rnb,,
Etta James - At Last,1960,rnb,,
James Brown - I Got You (I Feel Good),1960,rnb,,
Stevie Wonder - For Once in My Life,1960,rnb,,
The Temptations - My Girl,1960,rnb,,
Ike & Tina Turner - Proud Mary,1960,rnb,,
Wilson Pickett - In the Midnight Hour,1960,rnb,,
Smokey Robinson & The Miracles - The Tracks of My Tears,1960,rnb,,
Aretha Franklin - Chain of Fools,1960,rnb,,
Sam & Dave - Soul Man,1960,rnb,,
The Supremes - You Can't Hurry Love,1960,rnb,,
Ben E. King - Stand By Me,1960,rnb,,
Otis Redding - Try a Little Tenderness,1960,rnb,,red
Ray Charles - Georgia On My Mind,1960,rnb,,
Jackie Wilson - (Your Love Keeps Lifting Me) Higher and Higher,1960,rnb,,
The Four Tops - Reach Out I'll Be There,1960,rnb,,
Martha and the Vandellas - Dancing in the Street,1960,rnb,,
Al Green - Let's Stay Together,1960,rnb,,green
Stevie Wonder - Superstition,1960,rnb,,
James Brown - Say It Loud – I'm Black and I'm Proud,1960,rnb,,black
Aretha Franklin - Natural Woman,1960,rnb,,
Sam Cooke - Cupid,1960,rnb,,
Curtis Mayfield - Move On Up,1960,rnb,,
The Temptations - Ain't Too Proud to Beg,1960,rnb,,
Jackie Wilson - Lonely Teardrops,1960,rnb,,
The Impressions - People Get Ready,1960,rnb,,
Martha and the Vandellas - Heat Wave,1960,rnb,,
The Isley Brothers - Twist and Shout,1960,rnb,,
Wilson Pickett - Mustang Sally,1960,rnb,,
Etta James - Tell Mama,1960,rnb,,
Aretha Franklin - I Never Loved a Man (The Way I Love You),1960,rnb,,
"Sam & Dave - Hold On, I'm Comin'",1960,rnb,,
Marvin Gaye - What's Going On,1960,rnb,,
Ray Charles - I Can't Stop Loving You,1960,rnb,,
The Supremes - Stop! In the Name of Love,1960,rnb,,
Percy Sledge - When a Man Loves a Woman,1960,rnb,,
James Brown - Cold Sweat,1960,rnb,,
Otis Redding - These Arms of Mine,1960,rnb,,red
Smokey Robinson & The Miracles - I Second That Emotion,1960,rnb,,
Stevie Wonder - Uptight (Everything's Alright),1960,rnb,,
The Temptations - I Can't Get Next to You,1960,rnb,,
The Shirelles - Will You Love Me Tomorrow,1960,rnb,,
Solomon Burke - Cry to Me,1960,rnb,,
Aretha Franklin - Think,1960,rnb,,
The Impressions - It's All Right,1960,rnb,,
Sam Cooke - Bring It On Home to Me,1960,rnb,,
Al Green - Tired of Being Alone,1960,rnb,,green
The Four Tops - I Can't Help Myself (Sugar Pie Honey Bunch),1960,rnb,,
Wilson Pickett - Land of 1000 Dances,1960,rnb,,
Martha and the Vandellas - Nowhere to Run,1960,rnb,,
Ray Charles - Hit the Road Jack,1960,rnb,,
Stevie Wonder - I Was Made to Love Her,1960,rnb,,
James Brown - It's a Man's Man's Man's World,1960,rnb,,
The Supremes - Where Did Our Love Go,1960,rnb,,
Marvin Gaye - How Sweet It Is (To Be Loved By You),1960,rnb,,
Etta James - I'd Rather Go Blind,1960,rnb,,
Otis Redding - I've Been Loving You Too Long,1960,rnb,,red
"Sam & Dave - Soul Sister, Brown Sugar",1960,rnb,,
The Temptations - Cloud Nine,1960,rnb,,
Jackie Wilson - Baby Workout,1960,rnb,,
Ben E. King - Spanish Harlem,1960,rnb,,
"Aretha Franklin - Do Right Woman, Do Right Man",1960,rnb,,
The Isley Brothers - This Old Heart of Mine (Is Weak for You),1960,rnb,,
Percy Sledge - Warm and Tender Love,1960,rnb,,
The Impressions - Gypsy Woman,1960,rnb,,
Curtis Mayfield - Superfly,1960,rnb,,
Martha and the Vandellas - Jimmy Mack,1960,rnb,,
"Stevie Wonder - Signed, Sealed, Delivered I'm Yours",1960,rnb,,
"James Brown - Please, Please, Please",1960,rnb,,
The Supremes - You Keep Me Hangin' On,1960,rnb,,
Otis Redding - Love Man,1960,rnb,,red
"Wilson Pickett - Sugar, Sugar",1960,rnb,,
Marvin Gaye - Ain't No Mountain High Enough,1960,rnb,,
Aretha Franklin - Baby I Love You,1960,rnb,,
Sam Cooke - Wonderful World,1960,rnb,,
The Temptations - Papa Was a Rollin' Stone,1960,rnb,,
The Shirelles - Dedicated to the One I Love,1960,rnb,,
Solomon Burke - Everybody Needs Somebody to Love,1960,rnb,,
Ray Charles - You Don't Know Me,1960,rnb,,
Smokey Robinson & The Miracles - Going to a Go-Go,1960,rnb,,
Stevie Wonder - My Cherie Amour,1960,rnb,,
James Brown - Get Up (I Feel Like Being a) Sex Machine,1960,rnb,,
The Four Tops - Standing in the Shadows of Love,1960,rnb,,
Martha and the Vandellas - Quicksand,1960,rnb,,
Aretha Franklin - Ain't No Way,1960,rnb,,
Percy Sledge - Take Time to Know Her,1960,rnb,,
The Impressions - Keep on Pushing,1960,rnb,,
Jackie Wilson - To Be Loved,1960,rnb,,
The Temptations - Just My Imagination (Running Away with Me),1960,rnb,,
Ben E. King - Don't Play That Song (You Lied),1960,rnb,,
Wilson Pickett - Funky Broadway,1960,rnb,,
The Supremes - Love Child,1960,rnb,,
Otis Redding - Hard to Handle,1960,rnb,,red
Sam & Dave - You Don't Know Like I Know,1960,rnb,,
Curtis Mayfield - Freddie's Dead,1960,rnb,,
The Isley Brothers - It's Your Thing,1960,rnb,,
Simon & Garfunkel - The Sound of Silence,1960,relaxing,,
The Beatles - Norwegian Wood (This Bird Has Flown),1960,relaxing,,
Bob Dylan - Blowin' in the Wind,1960,relaxing,wind,
The Mamas & the Papas - California Dreamin',1960,relaxing,,
The Beach Boys - God Only Knows,1960,relaxing,,
"Joni Mitchell - Both Sides, Now",1960,relaxing,,
Donovan - Catch the Wind,1960,relaxing,wind,
The Zombies - Time of the Season,1960,relaxing,,
Leonard Cohen - Suzanne,1960,relaxing,,
The Byrds - Turn! Turn! Turn!,1960,relaxing,,
Simon & Garfunkel - Scarborough Fair/Canticle,1960,relaxing,,
The Beatles - Something,1960,relaxing,,
Bob Dylan - Girl from the North Country,1960,relaxing,,
The Moody Blues - Nights in White Satin,1960,relaxing,,blue
The Rolling Stones - Ruby Tuesday,1960,relaxing,,
Jefferson Airplane - White Rabbit,1960,relaxing,,
The Beach Boys - In My Room,1960,relaxing,,
Joni Mitchell - A Case of You,1960,relaxing,,
"The Mamas & the Papas - Monday, Monday",1960,relaxing,,
"Crosby, Stills & Nash - Suite: Judy Blue Eyes",1960,relaxing,,blue
Simon & Garfunkel - Bridge Over Troubled Water,1960,relaxing,,
The Beatles - Across the Universe,1960,relaxing,,
"Bob Dylan - Don't Think Twice, It's All Right",1960,relaxing,,
The Byrds - Mr. Tambourine Man,1960,relaxing,,
The Zombies - She's Not There,1960,relaxing,,
The Association - Cherish,1960,relaxing,,
Donovan - Colours,1960,relaxing,,
The Lovin' Spoonful - Daydream,1960,relaxing,,
The Turtles - Happy Together,1960,relaxing,,
The Beach Boys - Surfer Girl,1960,relaxing,,
Simon & Garfunkel - Mrs. Robinson,1960,relaxing,,
The Rolling Stones - As Tears Go By,1960,relaxing,,
"Bob Dylan - Lay, Lady, Lay",1960,relaxing,,
The Mamas & the Papas - Dream a Little Dream of Me,1960,relaxing,,
Jefferson Airplane - Embryonic Journey,1960,relaxing,,
The Byrds - I'll Feel a Whole Lot Better,1960,relaxing,,
The Kinks - Waterloo Sunset,1960,relaxing,,
The Moody Blues - Tuesday Afternoon (Forever Afternoon),1960,relaxing,,blue
The Beatles - Here Comes the Sun,1960,relaxing,sun,
Donovan - Jennifer Juniper,1960,relaxing,,
Simon & Garfunkel - The Boxer,1960,relaxing,,
The Lovin' Spoonful - Summer in the City,1960,relaxing,,
The Rolling Stones - Angie,1960,relaxing,,
The Zombies - Tell Her No,1960,relaxing,,
The Beach Boys - Don't Worry Baby,1960,relaxing,,
The Association - Never My Love,1960,relaxing,,
Joni Mitchell - Chelsea Morning,1960,relaxing,,
The Byrds - The Bells of Rhymney,1960,relaxing,,
The Beatles - Blackbird,1960,relaxing,,black
The Mamas & the Papas - Creeque Alley,1960,relaxing,,
Simon & Garfunkel - Homeward Bound,1960,relaxing,,
Bob Dylan - Mr. Tambourine Man,1960,relaxing,,
The Turtles - Elenore,1960,relaxing,,
The Hollies - Bus Stop,1960,relaxing,,
The Moody Blues - Question,1960,relaxing,,blue
The Byrds - My Back Pages,1960,relaxing,,
The Beach Boys - Wouldn't It Be Nice,1960,relaxing,,
Donovan - Hurdy Gurdy Man,1960,relaxing,,
The Rolling Stones - Wild Horses,1960,relaxing,,
The Lovin' Spoonful - Darling Be Home Soon,1960,relaxing,,
The Zombies - Care of Cell 44,1960,relaxing,,
The Beatles - Let It Be,1960,relaxing,,
The Monkees - Daydream Believer,1960,relaxing,,
Joni Mitchell - Chelsea Hotel #2,1960,relaxing,,
Simon & Garfunkel - April Come She Will,1960,relaxing,,
The Byrds - Girl with No Name,1960,relaxing,,
The Beach Boys - Surf's Up,1960,relaxing,,
"The Hollies - He Ain't Heavy, He's My Brother",1960,relaxing,,
The Mamas & the Papas - California Earthquake,1960,relaxing,,
Donovan - Sunshine Superman,1960,relaxing,sun,
The Association - Windy,1960,relaxing,wind,
The Rolling Stones - She's a Rainbow,1960,relaxing,,
The Beatles - In My Life,1960,relaxing,,
The Lovin' Spoonful - Do You Believe in Magic,1960,relaxing,,
The Zombies - A Rose for Emily,1960,relaxing,,
The Moody Blues - Voices in the Sky,1960,relaxing,,blue
"Joni Mitchell - Both Sides, Now",1960,relaxing,,
Simon & Garfunkel - El Condor Pasa (If I Could),1960,relaxing,,
The Byrds - Goin' Back,1960,relaxing,,
The Beach Boys - Good Vibrations,1960,relaxing,,
The Turtles - You Showed Me,1960,relaxing,,
Bob Dylan - I Want You,1960,relaxing,,
The Mamas & the Papas - Straight Shooter,1960,relaxing,,
The Hollies - Carrie-Anne,1960,relaxing,,
Donovan - Wear Your Love Like Heaven,1960,relaxing,,
The Kinks - Days,1960,relaxing,,
The Beatles - Norwegian Wood (This Bird Has Flown),1960,relaxing,,
"The Rolling Stones - Paint It, Black",1960,relaxing,,black
The Animals - The House of the Rising Sun,1960,relaxing,sun,
Marvin Gaye - What's Going On,1960,relaxing,,
The Supremes - Stop! In the Name of Love,1960,relaxing,,
Otis Redding - I've Been Loving You Too Long,1960,relaxing,,red
The Temptations - My Girl,1960,relaxing,,
Al Green - Let's Stay Together,1960,relaxing,,
Stevie Wonder - My Cherie Amour,1960,relaxing,,
Aretha Franklin - I Say a Little Prayer,1960,relaxing,,
Smokey Robinson & The Miracles - The Tracks of My Tears,1960,relaxing,,
The Four Tops - Reach Out I'll Be There,1960,relaxing,,
Ray Charles - Georgia On My Mind,1960,relaxing,,
Sam Cooke - What a Wonderful World,1960,relaxing,,
Elton John - Your Song,1970,relaxing,,
Fleetwood Mac - Landslide,1970,relaxing,,
Cat Stevens - Wild World,1970,relaxing,,
Simon & Garfunkel - Bridge Over Troubled Water,1970,relaxing,,
Eagles - Take It Easy,1970,relaxing,,
Bee Gees - How Deep Is Your Love,1970,relaxing,,
James Taylor - Fire and Rain,1970,relaxing,,
ABBA - Dancing Queen,1970,relaxing,,
Carole King - It's Too Late,1970,relaxing,,
John Lennon - Imagine,1970,relaxing,,
America - Horse with No Name,1970,relaxing,,
Carly Simon - You're So Vain,1970,relaxing,,
Stevie Nicks - Landslide,1970,relaxing,,
Bread - If,1970,relaxing,,
Al Green - Let's Stay Together,1970,relaxing,,green
Joni Mitchell - Big Yellow Taxi,1970,relaxing,,yellow
Elton John - Rocket Man,1970,relaxing,,
Cat Stevens - Morning Has Broken,1970,relaxing,,
The Eagles - Peaceful Easy Feeling,1970,relaxing,,
Fleetwood Mac - Songbird,1970,relaxing,,
James Taylor - You've Got a Friend,1970,relaxing,,
The Carpenters - Close to You,1970,relaxing,,
Simon & Garfunkel - The Boxer,1970,relaxing,,
America - Sister Golden Hair,1970,relaxing,,
ABBA - Thank You for the Music,1970,relaxing,,
Carole King - So Far Away,1970,relaxing,,
Fleetwood Mac - Over My Head,1970,relaxing,,
Joni Mitchell - A Case of You,1970,relaxing,,
The Eagles - I Can't Tell You Why,1970,relaxing,,
Elton John - Daniel,1970,relaxing,,
Seals and Crofts - Summer Breeze,1970,relaxing,,
Cat Stevens - Father and Son,1970,relaxing,,
Bread - Make It with You,1970,relaxing,,
Bee Gees - To Love Somebody,1970,relaxing,,
John Lennon - Oh My Love,1970,relaxing,,
Stevie Wonder - You Are the Sunshine of My Life,1970,relaxing,sun,
Eagles - Desperado,1970,relaxing,,
Carly Simon - Anticipation,1970,relaxing,,
Fleetwood Mac - Landslide,1970,relaxing,,
ABBA - Chiquitita,1970,relaxing,,
James Taylor - Mexico,1970,relaxing,,
Elton John - Tiny Dancer,1970,relaxing,,
America - Tin Man,1970,relaxing,,
Joni Mitchell - Help Me,1970,relaxing,,
Bee Gees - First of May,1970,relaxing,,
Cat Stevens - Moonshadow,1970,relaxing,,
Carole King - You've Got a Friend,1970,relaxing,,
John Lennon - Jealous Guy,1970,relaxing,,
Eagles - Best of My Love,1970,relaxing,,
Bread - Everything I Own,1970,relaxing,,
ABBA - Dancing Queen,1970,pop,,
Bee Gees - Stayin' Alive,1970,pop,,
Elton John - Rocket Man,1970,pop,,
Queen - Bohemian Rhapsody,1970,pop,,
Fleetwood Mac - Go Your Own Way,1970,pop,,
David Bowie - Starman,1970,pop,,
ABBA - Waterloo,1970,pop,,
Bee Gees - Night Fever,1970,pop,,
Elton John - Goodbye Yellow Brick Road,1970,pop,,yellow
Donna Summer - Hot Stuff,1970,pop,,
ABBA - Mamma Mia,1970,pop,,
Bee Gees - How Deep Is Your Love,1970,pop,,
Elton John - Crocodile Rock,1970,pop,,
Queen - Don't Stop Me Now,1970,pop,,
Fleetwood Mac - Rhiannon,1970,pop,,
David Bowie - Changes,1970,pop,,
ABBA - Fernando,1970,pop,,
Bee Gees - Tragedy,1970,pop,,
Elton John - Daniel,1970,pop,,
Donna Summer - I Feel Love,1970,pop,,
ABBA - Gimme! Gimme! Gimme! (A Man After Midnight),1970,pop,,
Bee Gees - Jive Talkin',1970,pop,,
Elton John - Don't Go Breaking My Heart,1970,pop,,
Queen - We Will Rock You,1970,pop,,
Fleetwood Mac - Dreams,1970,pop,,
David Bowie - Young Americans,1970,pop,,
ABBA - The Winner Takes It All,1970,pop,,
Bee Gees - How Can You Mend a Broken Heart,1970,pop,,
Elton John - Philadelphia Freedom,1970,pop,,
Donna Summer - Last Dance,1970,pop,,
ABBA - Take a Chance on Me,1970,pop,,
Bee Gees - You Should Be Dancing,1970,pop,,
Elton John - Someone Saved My Life Tonight,1970,pop,,
Queen - Another One Bites the Dust,1970,pop,,
Fleetwood Mac - You Make Loving Fun,1970,pop,,
David Bowie - Heroes,1970,pop,,
ABBA - SOS,1970,pop,,
Bee Gees - Love You Inside Out,1970,pop,,
Elton John - Island Girl,1970,pop,,
Donna Summer - MacArthur Park,1970,pop,,
"ABBA - Knowing Me, Knowing You",1970,pop,,
Bee Gees - Lonely Days,1970,pop,,
Elton John - Goodbye Yellow Brick Road,1970,pop,,yellow
Queen - Somebody to Love,1970,pop,,
Fleetwood Mac - The Chain,1970,pop,,
David Bowie - Space Oddity,1970,pop,,
"ABBA - Money, Money, Money",1970,pop,,
Bee Gees - Words,1970,pop,,
Elton John - Candle in the Wind,1970,pop,wind,
Donna Summer - Bad Girls,1970,pop,,
Bee Gees - Stayin' Alive,1970,dance,,
ABBA - Dancing Queen,1970,dance,,
Donna Summer - I Feel Love,1970,dance,,
KC and The Sunshine Band - Shake Your Booty,1970,dance,sun,
Chic - Le Freak,1970,dance,,
Bee Gees - Night Fever,1970,dance,,
ABBA - Gimme! Gimme! Gimme! (A Man After Midnight),1970,dance,,
Donna Summer - Last Dance,1970,dance,,
KC and The Sunshine Band - Get Down Tonight,1970,dance,sun,
"Earth, Wind & Fire - September",1970,dance,,
Bee Gees - You Should Be Dancing,1970,dance,,
ABBA - Take a Chance on Me,1970,dance,,
KC and The Sunshine Band - That's the Way (I Like It),1970,dance,sun,
Donna Summer - Hot Stuff,1970,dance,,
Bee Gees - Jive Talkin',1970,dance,,
ABBA - SOS,1970,dance,,
Chic - Good Times,1970,dance,,
Bee Gees - Love You Inside Out,1970,dance,,
KC and The Sunshine Band - Boogie Shoes,1970,dance,sun,
Donna Summer - MacArthur Park,1970,dance,,
"ABBA - Knowing Me, Knowing You",1970,dance,,
Bee Gees - Tragedy,1970,dance,,
KC and The Sunshine Band - I'm Your Boogie Man,1970,dance,sun,
Donna Summer - Love to Love You Baby,1970,dance,,
"ABBA - Money, Money, Money",1970,dance,,
Bee Gees - Words,1970,dance,,
KC and The Sunshine Band - Keep It Comin' Love,1970,dance,sun,
Donna Summer - Bad Girls,1970,dance,,
Bee Gees - Lonely Days,1970,dance,,
ABBA - Thank You for the Music,1970,dance,,
KC and The Sunshine Band - Please Don't Go,1970,dance,sun,
Bee Gees - How Deep Is Your Love,1970,dance,,
ABBA - Fernando,1970,dance,,
Donna Summer - I Love You,1970,dance,,
Bee Gees - How Can You Mend a Broken Heart,1970,dance,,
KC and The Sunshine Band - Give It Up,1970,dance,sun,
Donna Summer - Heaven Knows,1970,dance,,
ABBA - The Winner Takes It All,1970,dance,,
Bee Gees - Love You Inside Out,1970,dance,,
Donna Summer - Dim All the Lights,1970,dance,,
"ABBA - Knowing Me, Knowing You",1970,dance,,
Bee Gees - Night Fever,1970,dance,,
KC and The Sunshine Band - Boogie Shoes,1970,dance,,
Donna Summer - Hot Stuff,1970,dance,,
ABBA - Take a Chance on Me,1970,dance,,
Bee Gees - Jive Talkin',1970,dance,,
KC and The Sunshine Band - Shake Your Booty,1970,dance,sun,
Donna Summer - Last Dance,1970,dance,,
ABBA - Dancing Queen,1970,dance,,
Bee Gees - Stayin' Alive,1970,dance,,
Led Zeppelin - Stairway to Heaven,1970,rock,,
Queen - Bohemian Rhapsody,1970,rock,,
The Eagles - Hotel California,1970,rock,,
Fleetwood Mac - Go Your Own Way,1970,rock,,
David Bowie - Life on Mars?,1970,rock,,
Pink Floyd - Wish You Were Here,1970,rock,,
Lynyrd Skynyrd - Sweet Home Alabama,1970,rock,,
The Rolling Stones - Angie,1970,rock,,
The Who - Baba O'Riley,1970,rock,,
Elton John - Saturday Night's Alright for Fighting,1970,rock,,
Led Zeppelin - Whole Lotta Love,1970,rock,,
Queen - We Will Rock You,1970,rock,,
The Eagles - Take It Easy,1970,rock,,
Fleetwood Mac - Rhiannon,1970,rock,,
David Bowie - Space Oddity,1970,rock,,
Pink Floyd - Comfortably Numb,1970,rock,,
Lynyrd Skynyrd - Free Bird,1970,rock,,
The Rolling Stones - Brown Sugar,1970,rock,,
The Who - Pinball Wizard,1970,rock,,
Elton John - Goodbye Yellow Brick Road,1970,rock,,yellow
Led Zeppelin - Black Dog,1970,rock,,black
Queen - Don't Stop Me Now,1970,rock,,
The Eagles - Desperado,1970,rock,,
Fleetwood Mac - You Make Loving Fun,1970,rock,,
David Bowie - Heroes,1970,rock,,
Pink Floyd - Another Brick in the Wall,1970,rock,,
Lynyrd Skynyrd - Simple Man,1970,rock,,
The Rolling Stones - Wild Horses,1970,rock,,
The Who - My Generation,1970,rock,,
Elton John - Rocket Man,1970,rock,,
Led Zeppelin - Immigrant Song,1970,rock,,
Queen - Crazy Little Thing Called Love,1970,rock,,
The Eagles - Peaceful Easy Feeling,1970,rock,,
Fleetwood Mac - Dreams,1970,rock,,
David Bowie - Changes,1970,rock,,
Pink Floyd - Time,1970,rock,,
Lynyrd Skynyrd - Gimme Three Steps,1970,rock,,
"The Rolling Stones - Paint It, Black",1970,rock,,black
The Who - Behind Blue Eyes,1970,rock,,blue
Elton John - Tiny Dancer,1970,rock,,
Led Zeppelin - Rock and Roll,1970,rock,,
Queen - Another One Bites the Dust,1970,rock,,
The Eagles - New Kid in Town,1970,rock,,
Fleetwood Mac - Say You Love Me,1970,rock,,
David Bowie - Young Americans,1970,rock,,
Pink Floyd - Shine On You Crazy Diamond,1970,rock,,
Lynyrd Skynyrd - Sweet Home Alabama,1970,rock,,
The Rolling Stones - You Can't Always Get What You Want,1970,rock,,
The Who - The Seeker,1970,rock,,
Elton John - Crocodile Rock,1970,rock,,
Stevie Wonder - Superstition,1970,rnb,,
Marvin Gaye - What's Going On,1970,rnb,,
"Earth, Wind & Fire - Fantasy",1970,rnb,wind,
Curtis Mayfield - Move On Up,1970,rnb,,
Bill Withers - Lovely Day,1970,rnb,,
The O'Jays - Love Train,1970,rnb,,
Stevie Wonder - Isn't She Lovely,1970,rnb,,
Donna Summer - I Love You,1970,rnb,,
Al Green - Let's Stay Together,1970,rnb,,green
"Earth, Wind & Fire - Shining Star",1970,rnb,wind,
Stevie Wonder - Sir Duke,1970,rnb,,
Marvin Gaye - Let's Get It On,1970,rnb,,
The Spinners - I'll Be Around,1970,rnb,,
Bill Withers - Ain't No Sunshine,1970,rnb,,
Curtis Mayfield - Pusherman,1970,rnb,,
Stevie Wonder - Living for the City,1970,rnb,,
Marvin Gaye - Got to Give It Up,1970,rnb,,
"Earth, Wind & Fire - September",1970,rnb,wind,
Al Green - Tired of Being Alone,1970,rnb,,green
The O'Jays - For the Love of Money,1970,rnb,,
Stevie Wonder - As,1970,rnb,,
Marvin Gaye - Inner City Blues (Make Me Wanna Holler),1970,rnb,,blue
Bill Withers - Lean on Me,1970,rnb,,
Curtis Mayfield - Superfly,1970,rnb,,
Stevie Wonder - Higher Ground,1970,rnb,,
Marvin Gaye - Mercy Mercy Me (The Ecology),1970,rnb,,
"Earth, Wind & Fire - Boogie Wonderland",1970,rnb,wind,
Al Green - Here I Am (Come and Take Me),1970,rnb,,green
Donna Summer - Love to Love You Baby,1970,rnb,,
The O'Jays - Back Stabbers,1970,rnb,,
Stevie Wonder - You Are the Sunshine of My Life,1970,rnb,sun,
Marvin Gaye - Sexual Healing,1970,rnb,,
"Earth, Wind & Fire - After the Love Has Gone",1970,rnb,wind,
Al Green - Love and Happiness,1970,rnb,,green
Curtis Mayfield - Freddie's Dead,1970,rnb,,
Stevie Wonder - Master Blaster (Jammin'),1970,rnb,,
Marvin Gaye - Trouble Man,1970,rnb,,
The O'Jays - Use Ta Be My Girl,1970,rnb,,
Bill Withers - Use Me,1970,rnb,,
Al Green - Sha-La-La (Make Me Happy),1970,rnb,,green
Stevie Wonder - For Once in My Life,1970,rnb,,
Marvin Gaye - What's Happening Brother,1970,rnb,,
"Earth, Wind & Fire - Reasons",1970,rnb,wind,
Curtis Mayfield - Diamond in the Back,1970,rnb,,
Stevie Wonder - Lately,1970,rnb,,
Bill Withers - Just the Two of Us,1970,rnb,,
Al Green - I'm Still in Love with You,1970,rnb,,green
Donna Summer - I Feel Love,1970,rnb,,
Sade - Smooth Operator,1980,relaxing,,
George Michael - Careless Whisper,1980,relaxing,,
Christopher Cross - Sailing,1980,relaxing,,
Tracy Chapman - Fast Car,1980,relaxing,,
Phil Collins - Against All Odds (Take a Look at Me Now),1980,relaxing,,
Sting - Fields of Gold,1980,relaxing,,
Lionel Richie - Hello,1980,relaxing,,
Cyndi Lauper - Time After Time,1980,relaxing,,
Michael Jackson - Human Nature,1980,relaxing,,
Billy Joel - Just the Way You Are,1980,relaxing,,
Whitney Houston - Saving All My Love for You,1980,relaxing,,
Peter Gabriel - In Your Eyes,1980,relaxing,,
Kenny Loggins - Footloose,1980,relaxing,,
Simply Red - Holding Back the Years,1980,relaxing,,red
The Police - Every Breath You Take,1980,relaxing,,
Elton John - Candle in the Wind,1980,relaxing,wind,
Foreigner - I Want to Know What Love Is,1980,relaxing,,
Phil Collins - One More Night,1980,relaxing,,
Tina Turner - What's Love Got to Do with It,1980,relaxing,,
Richard Marx - Right Here Waiting,1980,relaxing,,
Paul Simon - Graceland,1980,relaxing,,
Madonna - Live to Tell,1980,relaxing,,
Toto - Africa,1980,relaxing,,
Air Supply - All Out of Love,1980,relaxing,,
Whitney Houston - Greatest Love of All,1980,relaxing,,
Billy Joel - She's Always a Woman,1980,relaxing,,
Rod Stewart - Sailing,1980,relaxing,,
George Michael - Father Figure,1980,relaxing,,
Chris De Burgh - Lady in Red,1980,relaxing,,red
Stevie Wonder - I Just Called to Say I Love You,1980,relaxing,,
Enya - Orinoco Flow,1980,relaxing,,
Bonnie Tyler - Total Eclipse of the Heart,1980,relaxing,,
Bryan Adams - Heaven,1980,relaxing,,
John Lennon - Woman,1980,relaxing,,
Fleetwood Mac - Little Lies,1980,relaxing,,
Peter Cetera - Glory of Love,1980,relaxing,,
Berlin - Take My Breath Away,1980,relaxing,,
Lionel Richie - All Night Long (All Night),1980,relaxing,,
Elton John - Nikita,1980,relaxing,,
Alannah Myles - Black Velvet,1980,relaxing,,black
Phil Collins - Another Day in Paradise,1980,relaxing,,
Simply Red - If You Don't Know Me by Now,1980,relaxing,,red
Christopher Cross - Arthur's Theme (Best That You Can Do),1980,relaxing,,
Genesis - In Too Deep,1980,relaxing,,
Billy Joel - Piano Man,1980,relaxing,,
Michael Jackson - The Lady in My Life,1980,relaxing,,
George Benson - Give Me the Night,1980,relaxing,,
Basia - Time and Tide,1980,relaxing,,
REO Speedwagon - Can't Fight This Feeling,1980,relaxing,,
The Bangles - Eternal Flame,1980,relaxing,,
Michael Jackson - Billie Jean,1980,pop,,
Madonna - Like a Virgin,1980,pop,,
Prince - When Doves Cry,1980,pop,,
Whitney Houston - I Wanna Dance with Somebody (Who Loves Me),1980,pop,,
Cyndi Lauper - Girls Just Want to Have Fun,1980,pop,,
Duran Duran - Hungry Like the Wolf,1980,pop,,
Billy Joel - Uptown Girl,1980,pop,,
George Michael - Faith,1980,pop,,
Madonna - Material Girl,1980,pop,,
Hall & Oates - Maneater,1980,pop,,
Tears for Fears - Everybody Wants to Rule the World,1980,pop,,
The Police - Every Little Thing She Does Is Magic,1980,pop,,
David Bowie - Let's Dance,1980,pop,,
Wham! - Wake Me Up Before You Go-Go,1980,pop,,
Eurythmics - Sweet Dreams (Are Made of This),1980,pop,,
Bon Jovi - Livin' on a Prayer,1980,pop,,
Michael Jackson - Thriller,1980,pop,,
Madonna - Holiday,1980,pop,,
Queen - Another One Bites the Dust,1980,pop,,
Rick Astley - Never Gonna Give You Up,1980,pop,,
Culture Club - Karma Chameleon,1980,pop,,
A-ha - Take On Me,1980,pop,,
Billy Joel - We Didn't Start the Fire,1980,pop,,
Prince - Kiss,1980,pop,,
Whitney Houston - How Will I Know,1980,pop,,
Kenny Loggins - Footloose,1980,pop,,
U2 - With or Without You,1980,pop,,
Madonna - Borderline,1980,pop,,
Michael Jackson - Beat It,1980,pop,,
Cyndi Lauper - True Colors,1980,pop,,
George Michael - Last Christmas,1980,pop,,
Blondie - Call Me,1980,pop,,
Dexys Midnight Runners - Come On Eileen,1980,pop,,
John Lennon - Starting Over,1980,pop,,
The Bangles - Walk Like an Egyptian,1980,pop,,
Eurythmics - Here Comes the Rain Again,1980,pop,,
Michael Jackson - Bad,1980,pop,,
Madonna - Papa Don't Preach,1980,pop,,
Queen - Crazy Little Thing Called Love,1980,pop,,
Tears for Fears - Shout,1980,pop,,
Kenny Loggins - Danger Zone,1980,pop,,
Billy Joel - The Longest Time,1980,pop,,
Prince - Little Red Corvette,1980,pop,,red
Survivor - Eye of the Tiger,1980,pop,,
INXS - Need You Tonight,1980,pop,,
Whitney Houston - So Emotional,1980,pop,,
Depeche Mode - Just Can't Get Enough,1980,pop,,
Madonna - Vogue,1980,pop,,
Phil Collins - Sussudio,1980,pop,,
Huey Lewis and the News - The Power of Love,1980,pop,,
Michael Jackson - Don't Stop 'Til You Get Enough,1980,dance,,
Madonna - Into the Groove,1980,dance,,
Prince - 1999,1980,dance,,
Whitney Houston - I Wanna Dance with Somebody (Who Loves Me),1980,dance,,
Bee Gees - You Should Be Dancing,1980,dance,,
Donna Summer - Hot Stuff,1980,dance,,
Depeche Mode - Enjoy the Silence,1980,dance,,
Rick James - Super Freak,1980,dance,,
Gloria Gaynor - I Will Survive,1980,dance,,
Duran Duran - Rio,1980,dance,,
Michael Jackson - Wanna Be Startin' Somethin',1980,dance,,
ABBA - Gimme! Gimme! Gimme! (A Man After Midnight),1980,dance,,
Madonna - Holiday,1980,dance,,
The Pointer Sisters - I'm So Excited,1980,dance,,
Prince - Raspberry Beret,1980,dance,,
Whitney Houston - How Will I Know,1980,dance,,
Kool & The Gang - Celebration,1980,dance,,
Bananarama - Venus,1980,dance,,
Technotronic - Pump Up the Jam,1980,dance,,
George Michael - Faith,1980,dance,,
Madonna - Like a Prayer,1980,dance,,
Bee Gees - Stayin' Alive,1980,dance,,
Michael Jackson - Beat It,1980,dance,,
Rick Astley - Never Gonna Give You Up,1980,dance,,
ABBA - Dancing Queen,1980,dance,,
Janet Jackson - Nasty,1980,dance,,
Kylie Minogue - The Loco-Motion,1980,dance,,
Wham! - Wake Me Up Before You Go-Go,1980,dance,,
Depeche Mode - Just Can't Get Enough,1980,dance,,
Madonna - Vogue,1980,dance,,
Prince - Kiss,1980,dance,,
Irene Cara - Flashdance... What a Feeling,1980,dance,,
Michael Jackson - Thriller,1980,dance,,
Pointer Sisters - Jump (For My Love),1980,dance,,
The B-52's - Love Shack,1980,dance,,
Madonna - Lucky Star,1980,dance,,
Chaka Khan - Ain't Nobody,1980,dance,,
George Michael - Last Christmas,1980,dance,,
Kool & The Gang - Get Down on It,1980,dance,,
Laura Branigan - Gloria,1980,dance,,
Eurythmics - Sweet Dreams (Are Made of This),1980,dance,,
Madonna - Material Girl,1980,dance,,
Soft Cell - Tainted Love,1980,dance,,
Wham! - Careless Whisper,1980,dance,,
A-ha - Take On Me,1980,dance,,
Michael Jackson - Smooth Criminal,1980,dance,,
Pet Shop Boys - West End Girls,1980,dance,,
"Earth, Wind & Fire - Let's Groove",1980,dance,wind,
Salt-N-Pepa - Push It,1980,dance,,
David Bowie - Let's Dance,1980,dance,,
Queen - Another One Bites the Dust,1980,rock,,
U2 - With or Without You,1980,rock,,
Guns N' Roses - Sweet Child o' Mine,1980,rock,,
AC/DC - Back in Black,1980,rock,,black
Bon Jovi - Livin' on a Prayer,1980,rock,,
Def Leppard - Pour Some Sugar On Me,1980,rock,,
Journey - Don't Stop Believin',1980,rock,,
The Police - Every Breath You Take,1980,rock,,
Foreigner - I Want to Know What Love Is,1980,rock,,
Toto - Africa,1980,rock,,
David Bowie - Under Pressure (with Queen),1980,rock,,
Van Halen - Jump,1980,rock,,
Aerosmith - Sweet Emotion,1980,rock,,
Joan Jett & The Blackhearts - I Love Rock 'n Roll,1980,rock,,black
The Rolling Stones - Start Me Up,1980,rock,,
Billy Idol - White Wedding,1980,rock,,
Pat Benatar - Hit Me With Your Best Shot,1980,rock,,
John Mellencamp - Jack and Diane,1980,rock,,
The Clash - Should I Stay or Should I Go,1980,rock,,
Bruce Springsteen - Born in the U.S.A.,1980,rock,,
Survivor - Eye of the Tiger,1980,rock,,
Bryan Adams - Summer of '69,1980,rock,,
Guns N' Roses - Welcome to the Jungle,1980,rock,,
Queen - Crazy Little Thing Called Love,1980,rock,,
REO Speedwagon - Keep On Loving You,1980,rock,,
Dire Straits - Money for Nothing,1980,rock,,
Aerosmith - Walk This Way (with Run-DMC),1980,rock,,
Tom Petty and the Heartbreakers - Free Fallin',1980,rock,,
Simple Minds - Don't You (Forget About Me),1980,rock,,
ZZ Top - Sharp Dressed Man,1980,rock,,
The Police - Roxanne,1980,rock,,
Twisted Sister - We're Not Gonna Take It,1980,rock,,
Queen - We Will Rock You,1980,rock,,
Joan Jett & The Blackhearts - Bad Reputation,1980,rock,,black
Journey - Separate Ways (Worlds Apart),1980,rock,,
Bon Jovi - You Give Love a Bad Name,1980,rock,,
Billy Joel - It's Still Rock and Roll to Me,1980,rock,,
AC/DC - You Shook Me All Night Long,1980,rock,,
Whitesnake - Here I Go Again,1980,rock,,
The Rolling Stones - Beast of Burden,1980,rock,,
Poison - Every Rose Has Its Thorn,1980,rock,,
U2 - I Still Haven't Found What I'm Looking For,1980,rock,,
The Bangles - Walk Like an Egyptian,1980,rock,,
Journey - Wheel in the Sky,1980,rock,,
Van Halen - Panama,1980,rock,,
Aerosmith - Dude (Looks Like a Lady),1980,rock,,
INXS - Need You Tonight,1980,rock,,
The Rolling Stones - Miss You,1980,rock,,
Scorpions - Rock You Like a Hurricane,1980,rock,,
Billy Idol - Rebel Yell,1980,rock,,
Michael Jackson - Billie Jean,1980,rnb,,
Whitney Houston - I Wanna Dance with Somebody (Who Loves Me),1980,rnb,,
Prince - When Doves Cry,1980,rnb,,
Stevie Wonder - I Just Called to Say I Love You,1980,rnb,,
Whitney Houston - How Will I Know,1980,rnb,,
Prince - Purple Rain,1980,rnb,,purple
Lionel Richie - All Night Long (All Night),1980,rnb,,
Whitney Houston - Greatest Love of All,1980,rnb,,
Michael Jackson - Rock with You,1980,rnb,,
Prince - Kiss,1980,rnb,,
Stevie Wonder - Part-Time Lover,1980,rnb,,
Sade - Smooth Operator,1980,rnb,,
Whitney Houston - Saving All My Love for You,1980,rnb,,
Luther Vandross - Never Too Much,1980,rnb,,
Prince - I Would Die 4 U,1980,rnb,,
Janet Jackson - When I Think of You,1980,rnb,,
Michael Jackson - Don't Stop 'Til You Get Enough,1980,rnb,,
Anita Baker - Sweet Love,1980,rnb,,
Prince - Little Red Corvette,1980,rnb,,red
Luther Vandross - Dance with My Father,1980,rnb,,
Michael Jackson - The Way You Make Me Feel,1980,rnb,,
Whitney Houston - I'm Your Baby Tonight,1980,rnb,,
Prince - Sign o' the Times,1980,rnb,,
Luther Vandross - Here and Now,1980,rnb,,
Whitney Houston - Where Do Broken Hearts Go,1980,rnb,,
Prince - Diamonds and Pearls,1980,rnb,,
Michael Jackson - Thriller,1980,rnb,,
Whitney Houston - So Emotional,1980,rnb,,
Prince - Raspberry Beret,1980,rnb,,
Lionel Richie - Hello,1980,rnb,,
Stevie Wonder - Master Blaster (Jammin'),1980,rnb,,
Prince - Batdance,1980,rnb,,
Whitney Houston - One Moment in Time,1980,rnb,,
Enya - Only Time,1990,relaxing,,
Sade - No Ordinary Love,1990,relaxing,,
Kenny G - Songbird,1990,relaxing,,
Norah Jones - Don't Know Why,1990,relaxing,,
Sting - Fields of Gold,1990,relaxing,,
Sarah McLachlan - Building a Mystery,1990,relaxing,,
Michael Bolton - Said I Loved You... But I Lied,1990,relaxing,,
Vanessa Williams - Save the Best for Last,1990,relaxing,,
George Michael - Careless Whisper,1990,relaxing,,
Eric Clapton - Tears in Heaven,1990,relaxing,,
Enigma - Sadeness (Part I),1990,relaxing,,
Mariah Carey - Vision of Love,1990,relaxing,,
Chris Isaak - Wicked Game,1990,relaxing,,
Toni Braxton - Un-Break My Heart,1990,relaxing,,
Seal - Kiss from a Rose,1990,relaxing,,
Celine Dion - My Heart Will Go On,1990,relaxing,,
Richard Marx - Right Here Waiting,1990,relaxing,,
Des'ree - You Gotta Be,1990,relaxing,,
Annie Lennox - Why,1990,relaxing,,
Boyz II Men - End of the Road,1990,relaxing,,
Whitney Houston - I Will Always Love You,1990,relaxing,,
Elton John - Can You Feel the Love Tonight,1990,relaxing,,
Enya - Orinoco Flow (Sail Away),1990,relaxing,,
Natalie Merchant - Carnival,1990,relaxing,,
Madonna - Take a Bow,1990,relaxing,,
Phil Collins - Another Day in Paradise,1990,relaxing,,
Sheryl Crow - Strong Enough,1990,relaxing,,
George Benson - Nothing's Gonna Change My Love for You,1990,relaxing,,
Seal - Don't Cry,1990,relaxing,,
Enigma - Return to Innocence,1990,relaxing,,
Mariah Carey - Hero,1990,relaxing,,
Simply Red - Holding Back the Years,1990,relaxing,,red
"10,000 Maniacs - These Are Days",1990,relaxing,,
Celine Dion - The Power of Love,1990,relaxing,,
Eric Clapton - Change the World,1990,relaxing,,
Vanessa Williams - Colors of the Wind,1990,relaxing,wind,
R.E.M. - Losing My Religion,1990,relaxing,,
Enya - Caribbean Blue,1990,relaxing,,blue
Toni Braxton - Breathe Again,1990,relaxing,,
George Michael - Praying for Time,1990,relaxing,,
Roxette - It Must Have Been Love,1990,relaxing,,
Lighthouse Family - High,1990,relaxing,,
The Corrs - Breathless,1990,relaxing,,
Lisa Loeb - Stay (I Missed You),1990,relaxing,,
Savage Garden - Truly Madly Deeply,1990,relaxing,,
"Michael Bolton - Time, Love and Tenderness",1990,relaxing,,
Fleetwood Mac - Landslide,1990,relaxing,,
Madonna - Frozen,1990,relaxing,,
Tracy Chapman - Fast Car,1990,relaxing,,
Chris De Burgh - Lady in Red,1990,relaxing,,red
Britney Spears - …Baby One More Time,1990,pop,,
Backstreet Boys - I Want It That Way,1990,pop,,
Spice Girls - Wannabe,1990,pop,,
*NSYNC - Bye Bye Bye,1990,pop,,
Christina Aguilera - Genie in a Bottle,1990,pop,,
Ricky Martin - Livin' la Vida Loca,1990,pop,,
Madonna - Vogue,1990,pop,,
Whitney Houston - I'm Every Woman,1990,pop,,
Shania Twain - Man! I Feel Like a Woman!,1990,pop,,
Mariah Carey - Fantasy,1990,pop,,
Jennifer Lopez - If You Had My Love,1990,pop,,
TLC - Waterfalls,1990,pop,,
Destiny's Child - Say My Name,1990,pop,,
Hanson - MMMBop,1990,pop,,
No Doubt - Don't Speak,1990,pop,,
Christina Aguilera - What a Girl Wants,1990,pop,,
Ace of Base - The Sign,1990,pop,,
Celine Dion - It's All Coming Back to Me Now,1990,pop,,
Whitney Houston - My Love Is Your Love,1990,pop,,
Madonna - Ray of Light,1990,pop,,
Backstreet Boys - Everybody (Backstreet's Back),1990,pop,,
Britney Spears - Oops!... I Did It Again,1990,pop,,
Jennifer Lopez - Waiting for Tonight,1990,pop,,
Spice Girls - Spice Up Your Life,1990,pop,,
TLC - No Scrubs,1990,pop,,
Ricky Martin - She Bangs,1990,pop,,
"Destiny's Child - Bills, Bills, Bills",1990,pop,,
Mariah Carey - Always Be My Baby,1990,pop,,
Shania Twain - You're Still the One,1990,pop,,
Christina Aguilera - Come On Over Baby (All I Want Is You),1990,pop,,
Backstreet Boys - Quit Playing Games (with My Heart),1990,pop,,
N'SYNC - Tearin' Up My Heart,1990,pop,,
Madonna - Beautiful Stranger,1990,pop,,
Jennifer Lopez - Love Don't Cost a Thing,1990,pop,,
Britney Spears - Stronger,1990,pop,,
Whitney Houston - I Will Always Love You,1990,pop,,
No Doubt - Just a Girl,1990,pop,,
Spice Girls - Say You'll Be There,1990,pop,,
TLC - Creep,1990,pop,,
Christina Aguilera - Dirrty,1990,pop,,
Shania Twain - That Don't Impress Me Much,1990,pop,,
"Destiny's Child - Jumpin', Jumpin'",1990,pop,,
Ricky Martin - Cup of Life,1990,pop,,
Mariah Carey - Emotions,1990,pop,,
Backstreet Boys - As Long as You Love Me,1990,pop,,
*NSYNC - It's Gonna Be Me,1990,pop,,
Whitney Houston - I Will Always Love You,1990,pop,,
Spice Girls - 2 Become 1,1990,pop,,
Jennifer Lopez - Jenny From the Block,1990,pop,,
Britney Spears - Crazy,1990,pop,,
Haddaway - What Is Love,1990,dance,,
La Bouche - Be My Lover,1990,dance,,
Ace of Base - All That She Wants,1990,dance,,
Real McCoy - Another Night,1990,dance,,
Snap! - Rhythm Is a Dancer,1990,dance,,
Corona - Rhythm of the Night,1990,dance,,
"Vengaboys - Boom, Boom, Boom, Boom!!",1990,dance,,
2 Unlimited - Get Ready for This,1990,dance,,
Technotronic - Pump Up the Jam,1990,dance,,
Eiffel 65 - Blue (Da Ba Dee),1990,dance,,blue
Aqua - Barbie Girl,1990,dance,,
Dr. Alban - It's My Life,1990,dance,,
Culture Beat - Mr. Vain,1990,dance,,
Whigfield - Saturday Night,1990,dance,,
Cascada - Everytime We Touch,1990,dance,,
Eiffel 65 - Move Your Body,1990,dance,,
Darude - Sandstorm,1990,dance,storm,
DJ Sammy - Heaven,1990,dance,,
Gigi D'Agostino - L'Amour Toujours,1990,dance,,
Alice Deejay - Better Off Alone,1990,dance,,
The Chemical Brothers - Block Rockin' Beats,1990,dance,,
Fatboy Slim - Praise You,1990,dance,,
Armand Van Helden - You Don't Know Me,1990,dance,,
Daft Punk - Around the World,1990,dance,,
Crystal Waters - Gypsy Woman (She's Homeless),1990,dance,,
Robert Miles - Children,1990,dance,,
ATB - 9 PM (Till I Come),1990,dance,,
Faithless - Insomnia,1990,dance,,
Prodigy - Firestarter,1990,dance,,
Basement Jaxx - Red Alert,1990,dance,,red
Paul Van Dyk - For an Angel,1990,dance,,
Daft Punk - One More Time,1990,dance,,
Sash! - Encore Une Fois,1990,dance,,
Fatboy Slim - The Rockafeller Skank,1990,dance,,
Gigi D'Agostino - The Riddle,1990,dance,,
Alice Deejay - Back in My Life,1990,dance,,
2 Unlimited - Twilight Zone,1990,dance,,
Vengaboys - We Like to Party! (The Vengabus),1990,dance,,
Snap! - The Power,1990,dance,,
Haddaway - Life,1990,dance,,
La Bouche - Sweet Dreams,1990,dance,,
Ace of Base - Beautiful Life,1990,dance,,
Real McCoy - Run Away,1990,dance,,
Vengaboys - We're Going to Ibiza!,1990,dance,,
2 Unlimited - No Limit,1990,dance,,
Aqua - Doctor Jones,1990,dance,,
Technotronic - Move This,1990,dance,,
Eiffel 65 - I'm Blue (Da Ba Dee),1990,dance,,blue
Darude - Feel the Beat,1990,dance,,
DJ Sammy - The Boys of Summer,1990,dance,,
Nirvana - Smells Like Teen Spirit,1990,rock,,
Pearl Jam - Alive,1990,rock,,
Red Hot Chili Peppers - Under the Bridge,1990,rock,,red
Radiohead - Creep,1990,rock,,
Oasis - Wonderwall,1990,rock,,
Blink-182 - All the Small Things,1990,rock,,
Smashing Pumpkins - 1979,1990,rock,,
Green Day - Basket Case,1990,rock,,green
Foo Fighters - Everlong,1990,rock,,
No Doubt - Don't Speak,1990,rock,,
Alanis Morissette - You Oughta Know,1990,rock,,
Weezer - Buddy Holly,1990,rock,,
Soundgarden - Black Hole Sun,1990,rock,sun,black
The Cranberries - Zombie,1990,rock,,
Stone Temple Pilots - Plush,1990,rock,,
Bush - Machinehead,1990,rock,,
Live - Lightning Crashes,1990,rock,,
R.E.M. - Losing My Religion,1990,rock,,
Third Eye Blind - Semi-Charmed Life,1990,rock,,
Nirvana - Come as You Are,1990,rock,,
Oasis - Champagne Supernova,1990,rock,,
Pearl Jam - Jeremy,1990,rock,,
Red Hot Chili Peppers - Give It Away,1990,rock,,red
Radiohead - Karma Police,1990,rock,,
Blink-182 - What's My Age Again?,1990,rock,,
Foo Fighters - My Hero,1990,rock,,
Green Day - Good Riddance (Time of Your Life),1990,rock,,
"The Smashing Pumpkins - Tonight, Tonight",1990,rock,,
No Doubt - Just a Girl,1990,rock,,
Alanis Morissette - Ironic,1990,rock,,
Weezer - Say It Ain't So,1990,rock,,
Soundgarden - Spoonman,1990,rock,,
The Cranberries - Linger,1990,rock,,
Stone Temple Pilots - Interstate Love Song,1990,rock,,
Bush - Glycerine,1990,rock,,
Live - I Alone,1990,rock,,
R.E.M. - Man on the Moon,1990,rock,,
Third Eye Blind - Jumper,1990,rock,,
Nirvana - Lithium,1990,rock,,
Oasis - Don't Look Back in Anger,1990,rock,,
Pearl Jam - Black,1990,rock,,black
Red Hot Chili Peppers - Soul to Squeeze,1990,rock,,red
Radiohead - Fake Plastic Trees,1990,rock,,
Blink-182 - Adam's Song,1990,rock,,
Foo Fighters - Learn to Fly,1990,rock,,
Green Day - When I Come Around,1990,rock,,green
The Smashing Pumpkins - Bullet with Butterfly Wings,1990,rock,,
No Doubt - Spiderwebs,1990,rock,,
Alanis Morissette - Hand in My Pocket,1990,rock,,
Weezer - Undone – The Sweater Song,1990,rock,,
TLC - Waterfalls,1990,rnb,,
Boyz II Men - End of the Road,1990,rnb,,
Mariah Carey - Fantasy,1990,rnb,,
R. Kelly - I Believe I Can Fly,1990,rnb,,
Whitney Houston - I Will Always Love You,1990,rnb,,
Brandy & Monica - The Boy Is Mine,1990,rnb,,
Usher - Nice & Slow,1990,rnb,,
Mary J. Blige - Real Love,1990,rnb,,
Toni Braxton - Breathe Again,1990,rnb,,
Aaliyah - Try Again,1990,rnb,,
Destiny's Child - Say My Name,1990,rnb,,
TLC - No Scrubs,1990,rnb,,
Boyz II Men - I'll Make Love to You,1990,rnb,,
Mariah Carey - Always Be My Baby,1990,rnb,,
Lauryn Hill - Doo Wop (That Thing),1990,rnb,,
Brandy - I Wanna Be Down,1990,rnb,,
Usher - You Make Me Wanna...,1990,rnb,,
Mary J. Blige - Family Affair,1990,rnb,,
Aaliyah - Back & Forth,1990,rnb,,
Whitney Houston - My Love Is Your Love,1990,rnb,,
R. Kelly - Ignition (Remix),1990,rnb,,
TLC - Creep,1990,rnb,,
Toni Braxton - Un-Break My Heart,1990,rnb,,
"Destiny's Child - Bills, Bills, Bills",1990,rnb,,
Mary J. Blige - Not Gon' Cry,1990,rnb,,
Aaliyah - Are You That Somebody?,1990,rnb,,
Mariah Carey - Vision of Love,1990,rnb,,
Usher - U Got It Bad,1990,rnb,,
Boyz II Men - Motownphilly,1990,rnb,,
TLC - Red Light Special,1990,rnb,,red
Brandy - Sittin' Up in My Room,1990,rnb,,
Lauryn Hill - Ex-Factor,1990,rnb,,
Whitney Houston - Exhale (Shoop Shoop),1990,rnb,,
R. Kelly - Bump N' Grind,1990,rnb,,
"Destiny's Child - Jumpin', Jumpin'",1990,rnb,,
Toni Braxton - You're Makin' Me High,1990,rnb,,
Mary J. Blige - Be Without You,1990,rnb,,
Aaliyah - One in a Million,1990,rnb,,
Mariah Carey - Emotions,1990,rnb,,
Usher - Confessions Part II,1990,rnb,,
Boyz II Men - On Bended Knee,1990,rnb,,
TLC - Ain't 2 Proud 2 Beg,1990,rnb,,
Brandy - Have You Ever?,1990,rnb,,
Lauryn Hill - Everything Is Everything,1990,rnb,,
Whitney Houston - I'm Your Baby Tonight,1990,rnb,,
R. Kelly - Step in the Name of Love,1990,rnb,,
Destiny's Child - Bootylicious,1990,rnb,,
Toni Braxton - How Could an Angel Break My Heart,1990,rnb,,
Mary J. Blige - No More Drama,1990,rnb,,
Aaliyah - Rock the Boat,1990,rnb,,
Norah Jones - Come Away with Me,2000,relaxing,,
Coldplay - Yellow,2000,relaxing,,yellow
John Mayer - Your Body Is a Wonderland,2000,relaxing,,
Jack Johnson - Banana Pancakes,2000,relaxing,,
Enya - Only Time,2000,relaxing,,
Damien Rice - The Blower's Daughter,2000,relaxing,,
Dido - White Flag,2000,relaxing,,
Jason Mraz - I'm Yours,2000,relaxing,,
Sarah McLachlan - Angel,2000,relaxing,,
Sade - By Your Side,2000,relaxing,,
Zero 7 - Destiny,2000,relaxing,,
Alicia Keys - Fallin',2000,relaxing,,
James Blunt - You're Beautiful,2000,relaxing,,
Katie Melua - Nine Million Bicycles,2000,relaxing,,
Josh Groban - You Raise Me Up,2000,relaxing,,
Colbie Caillat - Bubbly,2000,relaxing,,
Michael Bublé - Haven't Met You Yet,2000,relaxing,,
Vanessa Carlton - A Thousand Miles,2000,relaxing,,
James Morrison - You Give Me Something,2000,relaxing,,
Five for Fighting - Superman (It's Not Easy),2000,relaxing,,
Regina Spektor - Fidelity,2000,relaxing,,
Feist - 1234,2000,relaxing,,
Jack Johnson - Better Together,2000,relaxing,,
India.Arie - Video,2000,relaxing,,
John Legend - Ordinary People,2000,relaxing,,
Katie Melua - Closest Thing to Crazy,2000,relaxing,,
Damien Rice - 9 Crimes,2000,relaxing,,
Jason Mraz - Lucky (feat. Colbie Caillat),2000,relaxing,,
Norah Jones - Don't Know Why,2000,relaxing,,
Coldplay - Fix You,2000,relaxing,,
Sia - Breathe Me,2000,relaxing,,
A Fine Frenzy - Almost Lover,2000,relaxing,,
Corinne Bailey Rae - Put Your Records On,2000,relaxing,,
John Mayer - Gravity,2000,relaxing,,
Dido - Thank You,2000,relaxing,,
Michael Bublé - Feeling Good,2000,relaxing,,
Jack Johnson - Taylor,2000,relaxing,,
Enya - Wild Child,2000,relaxing,,
James Blunt - Goodbye My Lover,2000,relaxing,,
Adele - Chasing Pavements,2000,relaxing,,
Sarah McLachlan - I Will Remember You,2000,relaxing,,
Damien Rice - Cannonball,2000,relaxing,,
Colbie Caillat - Realize,2000,relaxing,,
Norah Jones - Sunrise,2000,relaxing,,
Coldplay - The Scientist,2000,relaxing,,
Jason Mraz - I Won't Give Up,2000,relaxing,,
Imogen Heap - Hide and Seek,2000,relaxing,,
James Morrison - Broken Strings (feat. Nelly Furtado),2000,relaxing,,
Jack Johnson - Upside Down,2000,relaxing,,
Regina Spektor - Samson,2000,relaxing,,
Snow Patrol - Chasing Cars,2000,relaxing,,
Alicia Keys - No One,2000,relaxing,,
Vanessa Carlton - Ordinary Day,2000,relaxing,,
Michael Bublé - Home,2000,relaxing,,
Katie Melua - The Closest Thing to Crazy,2000,relaxing,,
Ray LaMontagne - Trouble,2000,relaxing,,
Sara Bareilles - Love Song,2000,relaxing,,
Feist - My Moon My Man,2000,relaxing,,
John Mayer - Daughters,2000,relaxing,,
Colbie Caillat - I Never Told You,2000,relaxing,,
Paolo Nutini - Last Request,2000,relaxing,,
Damien Rice - Volcano,2000,relaxing,,
Jason Mraz - The Remedy (I Won't Worry),2000,relaxing,,
Sade - Soldier of Love,2000,relaxing,,
Zero 7 - In the Waiting Line,2000,relaxing,,
James Blunt - 1973,2000,relaxing,,
KT Tunstall - Black Horse and the Cherry Tree,2000,relaxing,,black
Norah Jones - Turn Me On,2000,relaxing,,
Coldplay - Clocks,2000,relaxing,,
"Jack Johnson - Sitting, Waiting, Wishing",2000,relaxing,,
Corinne Bailey Rae - Like a Star,2000,relaxing,,
John Mayer - Waiting on the World to Change,2000,relaxing,,
Michael Bublé - Everything,2000,relaxing,,
Alicia Keys - If I Ain't Got You,2000,relaxing,,
Damien Rice - The Professor & La Fille Danse,2000,relaxing,,
Colbie Caillat - Fallin' for You,2000,relaxing,,
Regina Spektor - Us,2000,relaxing,,
Snow Patrol - Run,2000,relaxing,,
James Morrison - You Make It Real,2000,relaxing,,
A Fine Frenzy - Almost Lover,2000,relaxing,,
Katie Melua - Nine Million Bicycles,2000,relaxing,,
Adele - Make You Feel My Love,2000,relaxing,,
Vanessa Carlton - White Houses,2000,relaxing,,
Michael Bublé - Lost,2000,relaxing,,
John Mayer - Clarity,2000,relaxing,,
Norah Jones - Thinking About You,2000,relaxing,,
Coldplay - Viva la Vida,2000,relaxing,,
Jason Mraz - I'm Yours,2000,relaxing,,
Sarah McLachlan - Adia,2000,relaxing,,
Dido - Life for Rent,2000,relaxing,,
Jack Johnson - Flake,2000,relaxing,,
Enya - May It Be,2000,relaxing,,
Alicia Keys - Empire State of Mind (Part II) Broken Down,2000,relaxing,,
Damien Rice - Rootless Tree,2000,relaxing,,
James Blunt - Same Mistake,2000,relaxing,,
Colbie Caillat - The Little Things,2000,relaxing,,
Regina Spektor - Eet,2000,relaxing,,
Sia - Breath Me,2000,relaxing,,
John Legend - Save Room,2000,relaxing,,
Michael Bublé - It's a Beautiful Day,2000,relaxing,,
Britney Spears - Toxic,2000,pop,,
Beyoncé - Crazy in Love (feat. Jay-Z),2000,pop,,
Lady Gaga - Poker Face,2000,pop,,
Justin Timberlake - SexyBack (feat. Timbaland),2000,pop,,
Rihanna - Umbrella (feat. Jay-Z),2000,pop,,
Shakira - Hips Don't Lie (feat. Wyclef Jean),2000,pop,,
Maroon 5 - This Love,2000,pop,,
Gwen Stefani - Hollaback Girl,2000,pop,,
Christina Aguilera - Beautiful,2000,pop,,
Madonna - Hung Up,2000,pop,,
Nelly Furtado - Promiscuous (feat. Timbaland),2000,pop,,
Kelly Clarkson - Since U Been Gone,2000,pop,,
Black Eyed Peas - I Gotta Feeling,2000,pop,,black
Avril Lavigne - Complicated,2000,pop,,
"Usher - Yeah! (feat. Lil Jon, Ludacris)",2000,pop,,
Katy Perry - I Kissed a Girl,2000,pop,,
Destiny's Child - Bootylicious,2000,pop,,
Pink - Get the Party Started,2000,pop,,
OutKast - Hey Ya!,2000,pop,,
Alicia Keys - No One,2000,pop,,
Christina Aguilera - Dirrty (feat. Redman),2000,pop,,
Britney Spears - Oops!... I Did It Again,2000,pop,,
Justin Timberlake - Cry Me a River,2000,pop,,
Rihanna - Don't Stop the Music,2000,pop,,
Lady Gaga - Just Dance (feat. Colby O'Donis),2000,pop,,
Mariah Carey - We Belong Together,2000,pop,,
"Shakira - Whenever, Wherever",2000,pop,,
Gwen Stefani - The Sweet Escape (feat. Akon),2000,pop,,
Black Eyed Peas - Boom Boom Pow,2000,pop,,black
Jennifer Lopez - Jenny From the Block,2000,pop,,
Nelly - Hot in Herre,2000,pop,,
Kelly Clarkson - Breakaway,2000,pop,,
Maroon 5 - She Will Be Loved,2000,pop,,
Madonna - Music,2000,pop,,
Avril Lavigne - Sk8er Boi,2000,pop,,
Usher - Confessions Part II,2000,pop,,
Katy Perry - Hot N Cold,2000,pop,,
Destiny's Child - Survivor,2000,pop,,
Pink - So What,2000,pop,,
OutKast - Ms. Jackson,2000,pop,,
Alicia Keys - Fallin',2000,pop,,
Christina Aguilera - Fighter,2000,pop,,
Britney Spears - Womanizer,2000,pop,,
Justin Timberlake - Rock Your Body,2000,pop,,
Rihanna - Disturbia,2000,pop,,
Lady Gaga - Bad Romance,2000,pop,,
Shakira - Underneath Your Clothes,2000,pop,,
Gwen Stefani - What You Waiting For?,2000,pop,,
Black Eyed Peas - Where Is the Love?,2000,pop,,black
Beyoncé - Irreplaceable,2000,pop,,
Maroon 5 - Wake Up Call,2000,pop,,
Madonna - Die Another Day,2000,pop,,
Nelly Furtado - Say It Right,2000,pop,,
Kelly Clarkson - Behind These Hazel Eyes,2000,pop,,
Usher - My Boo (with Alicia Keys),2000,pop,,
Katy Perry - Waking Up in Vegas,2000,pop,,
Destiny's Child - Say My Name,2000,pop,,
Pink - Stupid Girls,2000,pop,,
OutKast - Roses,2000,pop,,
Alicia Keys - If I Ain't Got You,2000,pop,,
Christina Aguilera - Ain't No Other Man,2000,pop,,
Britney Spears - Everytime,2000,pop,,
Justin Timberlake - My Love (feat. T.I.),2000,pop,,
Rihanna - Shut Up and Drive,2000,pop,,
Lady Gaga - LoveGame,2000,pop,,
Shakira - Objection (Tango),2000,pop,,
Gwen Stefani - Rich Girl (feat. Eve),2000,pop,,
Black Eyed Peas - Let's Get It Started,2000,pop,,black
Avril Lavigne - My Happy Ending,2000,pop,,
Usher - OMG (feat. will.i.am),2000,pop,,
Katy Perry - Teenage Dream,2000,pop,,
Destiny's Child - Independent Women Part I,2000,pop,,
Pink - Who Knew,2000,pop,,
Maroon 5 - Makes Me Wonder,2000,pop,,
Madonna - Sorry,2000,pop,,
Nelly Furtado - Maneater,2000,pop,,
Kelly Clarkson - Since U Been Gone,2000,pop,,
Rihanna - SOS,2000,pop,,
"Lady Gaga - Beautiful, Dirty, Rich",2000,pop,,
Shakira - Waka Waka (This Time for Africa),2000,pop,,
Gwen Stefani - Wind It Up,2000,pop,,
Black Eyed Peas - Imma Be,2000,pop,,black
Christina Aguilera - Hurt,2000,pop,,
Britney Spears - Gimme More,2000,pop,,
Justin Timberlake - What Goes Around... Comes Around,2000,pop,,
Maroon 5 - If I Never See Your Face Again (feat. Rihanna),2000,pop,,
Usher - Love in This Club (feat. Young Jeezy),2000,pop,,
Katy Perry - California Gurls (feat. Snoop Dogg),2000,pop,,
Alicia Keys - Try Sleeping with a Broken Heart,2000,pop,,
Rihanna - Russian Roulette,2000,pop,,
Lady Gaga - Alejandro,2000,pop,,
Shakira - She Wolf,2000,pop,,
Gwen Stefani - 4 in the Morning,2000,pop,,
Black Eyed Peas - Meet Me Halfway,2000,pop,,black
Nelly Furtado - All Good Things (Come to an End),2000,pop,,
Kelly Clarkson - Miss Independent,2000,pop,,
Madonna - Jump,2000,pop,,
Destiny's Child - Emotion,2000,pop,,
Pink - Sober,2000,pop,,
OutKast - The Way You Move (feat. Sleepy Brown),2000,pop,,
Daft Punk - One More Time,2000,dance,,
Lady Gaga - Just Dance (feat. Colby O'Donis),2000,dance,,
Rihanna - Don't Stop the Music,2000,dance,,
Kylie Minogue - Can't Get You Out of My Head,2000,dance,,
Black Eyed Peas - I Gotta Feeling,2000,dance,,black
"Usher - Yeah! (feat. Lil Jon, Ludacris)",2000,dance,,
Britney Spears - Toxic,2000,dance,,
Madonna - Hung Up,2000,dance,,
Beyoncé - Crazy in Love (feat. Jay-Z),2000,dance,,
Shakira - Hips Don't Lie (feat. Wyclef Jean),2000,dance,,
Justin Timberlake - SexyBack,2000,dance,,
Cascada - Everytime We Touch,2000,dance,,
Gwen Stefani - Hollaback Girl,2000,dance,,
David Guetta - Love Don't Let Me Go,2000,dance,,
Nelly Furtado - Promiscuous (feat. Timbaland),2000,dance,,
Rihanna - Pon de Replay,2000,dance,,
Lady Gaga - Poker Face,2000,dance,,
"Daft Punk - Harder, Better, Faster, Stronger",2000,dance,,
Kylie Minogue - Spinning Around,2000,dance,,
Black Eyed Peas - Boom Boom Pow,2000,dance,,black
Usher - DJ Got Us Fallin' in Love (feat. Pitbull),2000,dance,,
Madonna - Sorry,2000,dance,,
Britney Spears - Womanizer,2000,dance,,
Calvin Harris - I'm Not Alone,2000,dance,,
Rihanna - Disturbia,2000,dance,,
Christina Aguilera - Dirrty (feat. Redman),2000,dance,,
Lady Gaga - Bad Romance,2000,dance,,
Kylie Minogue - Love At First Sight,2000,dance,,
David Guetta - When Love Takes Over (feat. Kelly Rowland),2000,dance,,
Justin Timberlake - Rock Your Body,2000,dance,,
Cascada - Evacuate the Dancefloor,2000,dance,,
Gwen Stefani - The Sweet Escape (feat. Akon),2000,dance,,
Madonna - Get Together,2000,dance,,
Beyoncé - Single Ladies (Put a Ring on It),2000,dance,,
"Shakira - Whenever, Wherever",2000,dance,,
Rihanna - Shut Up and Drive,2000,dance,,
Daft Punk - Digital Love,2000,dance,,
Usher - Caught Up,2000,dance,,
Lady Gaga - Alejandro,2000,dance,,
Britney Spears - Gimme More,2000,dance,,
David Guetta - Sexy Bitch (feat. Akon),2000,dance,,
Nelly Furtado - Maneater,2000,dance,,
Kylie Minogue - In My Arms,2000,dance,,
Black Eyed Peas - Where Is the Love?,2000,dance,,black
Madonna - Ray of Light,2000,dance,,
Beyoncé - Beautiful Liar (feat. Shakira),2000,dance,,
Justin Timberlake - What Goes Around... Comes Around,2000,dance,,
Cascada - Truly Madly Deeply,2000,dance,,
Rihanna - SOS,2000,dance,,
Lady Gaga - LoveGame,2000,dance,,
Linkin Park - In the End,2000,rock,,
Nickelback - How You Remind Me,2000,rock,,
Green Day - Boulevard of Broken Dreams,2000,rock,,green
The White Stripes - Seven Nation Army,2000,rock,,
Coldplay - Clocks,2000,rock,,
Evanescence - Bring Me to Life,2000,rock,,
Foo Fighters - The Pretender,2000,rock,,
Red Hot Chili Peppers - Californication,2000,rock,,red
The Killers - Mr. Brightside,2000,rock,,
3 Doors Down - Kryptonite,2000,rock,,
Incubus - Drive,2000,rock,,
Staind - It's Been Awhile,2000,rock,,
System of a Down - Chop Suey!,2000,rock,,
"Fall Out Boy - Sugar, We're Goin Down",2000,rock,,
Foo Fighters - Everlong,2000,rock,,
Kings of Leon - Sex on Fire,2000,rock,,
Muse - Supermassive Black Hole,2000,rock,,black
Shinedown - Second Chance,2000,rock,,
Jimmy Eat World - The Middle,2000,rock,,
Radiohead - Creep,2000,rock,,
30 Seconds to Mars - The Kill (Bury Me),2000,rock,,
Seether - Broken (ft. Amy Lee),2000,rock,,
The Strokes - Last Nite,2000,rock,,
Papa Roach - Last Resort,2000,rock,,
My Chemical Romance - Welcome to the Black Parade,2000,rock,,black
Avenged Sevenfold - Bat Country,2000,rock,,
Blink-182 - All the Small Things,2000,rock,,
Breaking Benjamin - The Diary of Jane,2000,rock,,
Sum 41 - Fat Lip,2000,rock,,
Arctic Monkeys - I Bet You Look Good On The Dancefloor,2000,rock,,
Disturbed - Down With The Sickness,2000,rock,,
Audioslave - Like a Stone,2000,rock,,
Panic! At The Disco - I Write Sins Not Tragedies,2000,rock,,
Rise Against - Savior,2000,rock,,
Paramore - Misery Business,2000,rock,,
Three Days Grace - I Hate Everything About You,2000,rock,,
Hinder - Lips of an Angel,2000,rock,,
Papa Roach - Scars,2000,rock,,
The All-American Rejects - Dirty Little Secret,2000,rock,,
Hoobastank - The Reason,2000,rock,,
Puddle of Mudd - Blurry,2000,rock,,
The Fray - How to Save a Life,2000,rock,,
Jet - Are You Gonna Be My Girl,2000,rock,,
Weezer - Beverly Hills,2000,rock,,
Chevelle - The Red,2000,rock,,red
Queens of the Stone Age - No One Knows,2000,rock,,
Coheed and Cambria - Welcome Home,2000,rock,,
3 Doors Down - Here Without You,2000,rock,,
Korn - Freak on a Leash,2000,rock,,
"Fall Out Boy - Dance, Dance",2000,rock,,
Goo Goo Dolls - Iris,2000,rock,,
Breaking Benjamin - Breath,2000,rock,,
Evanescence - My Immortal,2000,rock,,
Yellowcard - Ocean Avenue,2000,rock,,yellow
AFI - Miss Murder,2000,rock,,
Audioslave - Cochise,2000,rock,,
Franz Ferdinand - Take Me Out,2000,rock,,
3 Doors Down - When I'm Gone,2000,rock,,
Coldplay - Viva la Vida,2000,rock,,
Foo Fighters - Best of You,2000,rock,,
"The Offspring - You're Gonna Go Far, Kid",2000,rock,,
Gorillaz - Feel Good Inc.,2000,rock,,
Stone Sour - Through Glass,2000,rock,,
My Chemical Romance - Helena,2000,rock,,
Rise Against - Prayer of the Refugee,2000,rock,,
Seether - Remedy,2000,rock,,
The Killers - Somebody Told Me,2000,rock,,
Panic! At The Disco - Nine in the Afternoon,2000,rock,,
Avenged Sevenfold - Afterlife,2000,rock,,
Fall Out Boy - Thnks fr th Mmrs,2000,rock,,
Muse - Starlight,2000,rock,,
Three Days Grace - Pain,2000,rock,,
Sum 41 - Still Waiting,2000,rock,,
30 Seconds to Mars - From Yesterday,2000,rock,,
Papa Roach - Getting Away with Murder,2000,rock,,
Linkin Park - Numb,2000,rock,,
Shinedown - If You Only Knew,2000,rock,,
Red Jumpsuit Apparatus - Face Down,2000,rock,,red
Nickelback - Photograph,2000,rock,,
The All-American Rejects - Move Along,2000,rock,,
The Fray - Over My Head (Cable Car),2000,rock,,
Sum 41 - Pieces,2000,rock,,
Chevelle - Send the Pain Below,2000,rock,,
Paramore - Crushcrushcrush,2000,rock,,
The White Stripes - Icky Thump,2000,rock,,
Seether - Fake It,2000,rock,,
3 Doors Down - It's Not My Time,2000,rock,,
Papa Roach - Forever,2000,rock,,
Foo Fighters - Times Like These,2000,rock,,
Staind - So Far Away,2000,rock,,
Linkin Park - Crawling,2000,rock,,
Breaking Benjamin - So Cold,2000,rock,,
Panic! At The Disco - Lying Is the Most Fun a Girl Can Have Without Taking Her Clothes Off,2000,rock,,
Rise Against - Give It All,2000,rock,,
Evanescence - Call Me When You're Sober,2000,rock,,
My Chemical Romance - I'm Not Okay (I Promise),2000,rock,,
Jet - Cold Hard Bitch,2000,rock,,
Shinedown - Sound of Madness,2000,rock,,
The Killers - Read My Mind,2000,rock,,
Red Hot Chili Peppers - Dani California,2000,rock,,red
"Usher - Yeah! (ft. Lil Jon, Ludacris)",2000,rnb,,
Alicia Keys - Fallin',2000,rnb,,
Beyoncé - Crazy in Love (ft. Jay-Z),2000,rnb,,
Mary J. Blige - Family Affair,2000,rnb,,
OutKast - Hey Ya!,2000,rnb,,
Rihanna - Umbrella (ft. Jay-Z),2000,rnb,,
Ne-Yo - So Sick,2000,rnb,,
Mariah Carey - We Belong Together,2000,rnb,,
Usher - Burn,2000,rnb,,
Destiny's Child - Lose My Breath,2000,rnb,,
Nelly - Hot in Herre,2000,rnb,,
Ciara - Goodies (ft. Petey Pablo),2000,rnb,,
Chris Brown - Run It!,2000,rnb,,
Alicia Keys - If I Ain't Got You,2000,rnb,,
Beyoncé - Irreplaceable,2000,rnb,,
Usher - Confessions Part II,2000,rnb,,
Mariah Carey - Shake It Off,2000,rnb,,
Rihanna - Pon de Replay,2000,rnb,,
T-Pain - Buy U a Drank (Shawty Snappin') (ft. Yung Joc),2000,rnb,,
Mary J. Blige - Be Without You,2000,rnb,,
Usher - My Boo (ft. Alicia Keys),2000,rnb,,
Chris Brown - Forever,2000,rnb,,
"Ciara - 1, 2 Step (ft. Missy Elliott)",2000,rnb,,
Ne-Yo - Sexy Love,2000,rnb,,
Alicia Keys - No One,2000,rnb,,
Usher - U Got It Bad,2000,rnb,,
Destiny's Child - Independent Women Part I,2000,rnb,,
Nelly Furtado - Promiscuous (ft. Timbaland),2000,rnb,,
Janet Jackson - All for You,2000,rnb,,
Beyoncé - Single Ladies (Put a Ring on It),2000,rnb,,
R. Kelly - Ignition (Remix),2000,rnb,,
Alicia Keys - Karma,2000,rnb,,
Mariah Carey - Touch My Body,2000,rnb,,
Chris Brown - With You,2000,rnb,,
Usher - U Remind Me,2000,rnb,,
Amerie - 1 Thing,2000,rnb,,
Ciara - Oh (ft. Ludacris),2000,rnb,,
Ne-Yo - Miss Independent,2000,rnb,,
Beyoncé - Check On It (ft. Slim Thug),2000,rnb,,
Destiny's Child - Survivor,2000,rnb,,
Rihanna - Don't Stop the Music,2000,rnb,,
Usher - DJ Got Us Fallin' In Love (ft. Pitbull),2000,rnb,,
Chris Brown - Kiss Kiss (ft. T-Pain),2000,rnb,,
Alicia Keys - Diary (ft. Tony! Toni! Toné!),2000,rnb,,
Mariah Carey - It's Like That,2000,rnb,,
Nelly - Dilemma (ft. Kelly Rowland),2000,rnb,,
Beyoncé - Halo,2000,rnb,,
Ciara - Like a Boy,2000,rnb,,
Ne-Yo - Because of You,2000,rnb,,
Usher - Love in This Club (ft. Young Jeezy),2000,rnb,,
Rihanna - Disturbia,2000,rnb,,
Chris Brown - Yo (Excuse Me Miss),2000,rnb,,
Destiny's Child - Girl,2000,rnb,,
Alicia Keys - You Don't Know My Name,2000,rnb,,
Mary J. Blige - Just Fine,2000,rnb,,
"Usher - Love in This Club Part II (ft. Beyoncé, Lil Wayne)",2000,rnb,,
Beyoncé - Naughty Girl,2000,rnb,,
Ciara - Promise,2000,rnb,,
Ne-Yo - Closer,2000,rnb,,
Mariah Carey - Emancipation of Mimi,2000,rnb,,
Rihanna - Shut Up and Drive,2000,rnb,,
Chris Brown - Beautiful People,2000,rnb,,
Usher - Caught Up,2000,rnb,,
Alicia Keys - Fallin',2000,rnb,,
Destiny's Child - Bootylicious,2000,rnb,,
Mary J. Blige - No More Drama,2000,rnb,,
Nelly Furtado - Say It Right,2000,rnb,,
Beyoncé - Beautiful Liar (ft. Shakira),2000,rnb,,
Ciara - Body Party,2000,rnb,,
Ne-Yo - Do You,2000,rnb,,
Rihanna - We Found Love (ft. Calvin Harris),2000,rnb,,
Chris Brown - Take You Down,2000,rnb,,
Usher - Moving Mountains,2000,rnb,,
Alicia Keys - A Woman's Worth,2000,rnb,,
Mariah Carey - Always Be My Baby,2000,rnb,,
Destiny's Child - Say My Name,2000,rnb,,
Nelly - Country Grammar (Hot Shit),2000,rnb,,
Beyoncé - If I Were a Boy,2000,rnb,,
Ciara - Ride (ft. Ludacris),2000,rnb,,
Ne-Yo - Go On Girl,2000,rnb,,
Rihanna - Rude Boy,2000,rnb,,
Chris Brown - Crawl,2000,rnb,,
Usher - Trading Places,2000,rnb,,
Alicia Keys - Teenage Love Affair,2000,rnb,,
Mary J. Blige - Be Happy,2000,rnb,,
Destiny's Child - Emotion,2000,rnb,,
Beyoncé - Sweet Dreams,2000,rnb,,
Nelly Furtado - I'm Like a Bird,2000,rnb,,
Ciara - Like You (ft. Bow Wow),2000,rnb,,
Ne-Yo - Mad,2000,rnb,,
Mariah Carey - Obsessed,2000,rnb,,
Rihanna - Take a Bow,2000,rnb,,
Chris Brown - Wall to Wall,2000,rnb,,
Usher - You Make Me Wanna...,2000,rnb,,
Alicia Keys - Superwoman,2000,rnb,,
"Destiny's Child - Bills, Bills, Bills",2000,rnb,,
Mary J. Blige - Real Love,2000,rnb,,
Beyoncé - Déjà Vu (ft. Jay-Z),2000,rnb,,
Nelly - Ride Wit Me (ft. City Spud),2000,rnb,,
Ne-Yo - One in a Million,2000,rnb,,